id;name;age;profile_picture;profile_picture_content_type
1;Pizza Automotive;43169;../fake-data/blob/hipster.png;image/png
2;Granite rich azure;67999;../fake-data/blob/hipster.png;image/png
3;emulation Frozen;33191;../fake-data/blob/hipster.png;image/png
4;monetize;67928;../fake-data/blob/hipster.png;image/png
5;Books;64945;../fake-data/blob/hipster.png;image/png
6;la Tasty global;13934;../fake-data/blob/hipster.png;image/png
7;parse Bedfordshire Loan;75802;../fake-data/blob/hipster.png;image/png
8;Fantastic;43225;../fake-data/blob/hipster.png;image/png
9;Franche-Comt√©;16938;../fake-data/blob/hipster.png;image/png
10;Money;84274;../fake-data/blob/hipster.png;image/png
